X,Y,Test or train,Raw prediction,Cumulative prediction,Logistic prediction
-4034144.696,3187748.668,train,2.0950517481259725E-4,17.04831888228764,0.486738283900205
-3961862.461,3181536.967,train,1.7905335770719205E-4,10.678775252087748,0.44766145471059143
-3863356.111,3089374.055,train,2.9117518479927676E-4,34.25692303392114,0.5685940838786853
-3847693.003,3151560.833,train,3.5253769701935883E-4,46.73148197900931,0.6147563003619364
-3838112.872,3122033.207,train,3.8870516219148793E-4,54.023306250626234,0.6376117418442124
-3843651.779,3150974.829,train,3.5253769701935883E-4,46.73148197900931,0.6147563003619364
-3822618.458,3146664.429,train,3.398343672884115E-4,44.13057471997728,0.6060290138130746
-3820874.613,3150041.794,train,2.675058725621653E-4,30.345782835438722,0.5476880486055047
-3816285.908,3151145.391,train,2.675058725621653E-4,30.345782835438722,0.5476880486055047
-3810796.934,3150293.183,train,2.675058725621653E-4,30.345782835438722,0.5476880486055047
-3817536.985,3159674.431,train,3.9860704790157245E-4,55.09951131925914,0.6434037698714018
-3806178.038,3176770.412,train,3.0684846587524287E-4,37.9996523430269,0.58140562248365
-3792573.917,3138966.726,train,3.57052771487122E-4,48.08195661723477,0.6177657834291184
-3732262.137,3137742.128,train,4.0730200270113365E-4,56.69978953874636,0.6483392550083178
-3717553.235,3135221.365,train,5.301712167855607E-4,76.59725378339577,0.705866474224616
-3695564.855,3156402.259,train,5.201229560816142E-4,75.28230144105646,0.7018781439054296
-3855270.434,3114925.097,train,3.5373540997676997E-4,47.100264585663886,0.6155592339160276
-3819476.384,3092257.905,train,1.3494868744781536E-4,5.9126486507838685,0.37920754786053246
-3703165.014,3065079.091,train,2.313752582020706E-4,20.301286354876023,0.5115562261169527
-3644199.098,3022470.619,train,4.41311413608811E-4,65.08862075667585,0.6663990241284874
-3655475.395,3041583.216,train,4.0628211472023624E-4,56.44544958283157,0.6477674239169785
-3642361.296,3057928.963,train,3.653853215260502E-4,49.13074164972265,0.6231980677593445
-3611746.72,3112638.555,train,5.255525035752725E-4,75.8464144128649,0.7040465605125286
-3575654.3,3079236.011,train,2.525596871436009E-4,25.62982838361078,0.5334101058159123
-3512452.704,3042729.138,train,1.7991664303081354E-4,10.827986859165728,0.4488510263259125
-3646145.555,3074223.018,train,3.9126282193787385E-4,54.35239002858436,0.6391257723774871
-3486850.481,3023792.254,train,2.4534675228558557E-4,23.39971034480123,0.5261921963938377
-3535060.65,3074855.13,train,4.292273391120717E-4,62.381570890087076,0.6601985076130139
-3516690.089,3067210.483,train,2.0719109182211153E-4,16.52645071748511,0.4839639436049154
-3429077.797,3033913.946,train,3.766570132010368E-4,52.02910415734512,0.6303054094991007
-3431241.119,3039740.773,train,2.6676253191376296E-4,29.95556857190725,0.5469986230976024
-3450823.26,3097441.509,train,2.093338215848917E-4,16.961168025546648,0.48653387262829884
-3431390.179,3100312.236,train,3.2683558471201577E-4,42.49897093166517,0.5966797188698622
-3419919.816,3103729.416,train,4.177043690932867E-4,58.59778581505641,0.6540673404097527
-3420628.554,3111149.639,train,4.177043690932867E-4,58.59778581505641,0.6540673404097527
-3396603.657,3100130.628,train,4.46278810976917E-4,65.91541657332488,0.6688827286621354
-3320788.422,2966068.847,train,4.34007967994075E-4,63.32009175837749,0.6626788734172021
-3304630.239,2963130.249,train,4.763609598262477E-4,69.88778617965824,0.6831677833218616
-3342741.857,2990656.149,train,3.5371914290701755E-4,47.09736033046596,0.6155483510728459
-3357040.129,3002414.448,train,3.7080311669726644E-4,50.79866262378867,0.6266480432919438
-3263717.722,2995796.135,train,5.370802654807116E-4,77.18612070888757,0.7085474477513286
-3259556.458,3006455.541,train,4.990025267263126E-4,72.77991921332875,0.6931321363263261
-3275191.73,3029804.853,train,5.319624472873789E-4,76.80185259679844,0.7065662645393433
-3381801.117,2938573.088,train,1.4428462369135642E-5,0.17059930996375355,0.06130639652759077
-3240110.884,3084466.103,train,1.0611159491165358E-4,3.5645058228253554,0.32446738281664966
-3365166.015,2947795.255,train,2.3548142386942136E-4,21.163820367855802,0.5159506562245965
-3322068.475,3118507.72,train,5.383138370300344E-4,77.34127294487769,0.7090209867530619
-3312157.941,3121993.684,train,4.2024141931002113E-4,59.42606969026708,0.6554361788244331
-3221692.794,3109643.666,train,2.5639541580328828E-5,0.3756614441737886,0.10398858717242097
-3209713.808,3125712.123,train,2.537749803536244E-4,25.74964112937339,0.5346046447915733
-3152938.418,3100563.59,train,8.256286132095054E-5,2.457523161911205,0.27204974281716615
-3150826.324,3138947.342,train,6.298379524063475E-4,85.37999298844836,0.7403243058444655
-3139686.272,3142615.36,train,3.005961676019017E-4,37.14873092240014,0.5763872372626093
-3111070.929,2974240.716,train,3.3204062112893493E-4,43.145550414232304,0.6004761750959847
-3120302.505,3095903.22,train,3.323570564781566E-4,43.19591577018783,0.6007046738218482
-3105995.361,3103703.279,train,8.252674236523446E-5,2.455370400297898,0.2719630960899144
-3226396.461,2992338.669,train,4.2698798264507884E-4,61.65666532026567,0.6590240586994373
-3079331.547,2963823.343,train,1.1410739820668762E-4,4.150808015377089,0.34058964819955345
-3067808.234,3052038.654,train,2.5898929582800846E-4,27.529666872299494,0.5396612467114376
-3161215.987,2952972.888,train,1.1361803021650938E-4,4.129952439685367,0.3396250559092732
-2968177.322,3121121.718,train,3.3252654404720646E-4,43.22289221819287,0.600826953747509
-2993939.496,3138859.889,train,3.493137217662836E-4,45.508712118251566,0.6125782237445778
-3151749.731,2986951.904,train,2.7300985075414763E-4,31.607923450339808,0.5527282525993646
-3144945.239,2991423.636,train,2.6104938287279826E-4,28.30956715421231,0.5416288713108739
-3038274.708,2944786.698,train,2.1274643302105888E-4,17.237149129230882,0.4905744298486963
-3043852.864,2950155.579,train,2.3153424902843146E-4,20.320074206405554,0.5117278629399995
-3050522.885,2957305.717,train,2.844062157681051E-4,33.52654846715095,0.5628153134015405
-3048306.071,2974044.457,train,3.262127046441986E-4,41.78079977141165,0.5962205625420834
-3039479.04,3089037.625,train,1.1383210506237849E-4,4.1390757461568235,0.3400473654316644
-3179704.58,2980121.523,train,2.0781645531548049E-4,16.638100155117275,0.4847166412718916
-3187902.887,2990488.844,train,3.524680722062962E-4,46.712842736256334,0.6147095214900741
-3146503.757,2987732.077,train,2.6104938287279826E-4,28.30956715421231,0.5416288713108739
-3016163.216,2932923.166,train,1.0663544016367322E-6,0.010259281122184794,0.004803659512083258
-3044556.217,3080962.187,train,3.619538260394557E-4,48.518121078552674,0.6209797649454204
-3063210.277,3032532.901,train,1.877859123786179E-4,12.197164176213706,0.4594628695590121
-3061788.735,3000850.325,train,3.8870485946068933E-4,54.023237401989704,0.6376115618879612
-3045780.787,3004814.61,train,3.629246340014827E-4,48.749173304487556,0.6216099923235037
-3030826.667,2997814.707,train,3.396714830313399E-4,44.09795431054465,0.6059145427701016
-3083795.286,3040205.809,train,2.0993262597483777E-4,17.07322146743539,0.487247491700538
-2950222.13,2991439.997,train,3.17879180724772E-4,40.015316146016595,0.5899753863808035
-2969975.763,3014427.304,train,3.535166891841137E-4,47.06121508205733,0.6154128558016978
-2987337.46,3027439.335,train,3.2621559143631494E-4,41.783822654413335,0.5962226929535785
-2966899.577,3027423.522,train,3.277573346188928E-4,42.63846964503023,0.5973572744107523
-2497217.449,2881246.906,train,7.202159285699529E-5,1.8991706544838234,0.24585517650335575
-2703920.91,3085333.111,train,1.3911485715977724E-4,6.446015102320292,0.3863910618632164
-2271782.184,2474329.332,train,5.131858024658972E-4,74.61149883336117,0.6990609577672041
-2411175.94,2852634.06,train,3.4506317788805414E-5,0.6714035399133159,0.1350922100613423
-2310985.033,2669202.87,train,3.8927940781692625E-4,54.12867851084022,0.6379527768142194
-4223518.45,3226780.345,train,2.395786804760053E-4,22.568039876001208,0.5202574386255194
-4062524.783,3186206.574,train,3.2221073686594133E-4,41.26137778793215,0.5932453900479241
-3842203.245,3155126.963,train,4.1896106159957226E-4,59.18003995095078,0.6547467321605829
-3807853.115,3172565.159,train,3.0684846587524287E-4,37.9996523430269,0.58140562248365
-3691314.508,3156314.321,train,3.7083339748568303E-4,50.80293908449723,0.6266671481448627
-3685771.983,3156328.505,train,3.7083339748568303E-4,50.80293908449723,0.6266671481448627
-3695183.548,3111361.721,train,5.032200283409353E-4,73.69667772327978,0.6949193775435056
-3643182.099,3057098.361,train,3.653853215260502E-4,49.13074164972265,0.6231980677593445
-3685054.931,3067335.114,train,2.4466764436657063E-4,23.221889348116132,0.5255011008486222
-3774604.473,3074669.431,train,1.6765124355531402E-4,9.554183249091873,0.4314538690683716
-3771404.859,3087050.997,train,2.3697659565507874E-4,21.553245394132258,0.5175312192775736
-3847807.745,3076420.606,train,1.1813445458113202E-4,4.3365607269240325,0.3484216360509312
-3654296.067,3068008.004,train,3.1595190892000016E-4,39.843077012678265,0.5885034774319867
-3662738.674,3047126.013,train,4.4238396703504283E-4,65.28965794911672,0.6669384510592494
-3352913.272,3103104.529,train,4.874103531489617E-4,71.35182022317807,0.6881101043835607
-3338568.105,2991911.92,train,3.773561557812464E-4,52.29205206578934,0.6307374316503902
-3275005.286,3006361.428,train,5.677831827271421E-4,79.59865383984649,0.7198931935060684
-3267360.309,2963381.978,train,4.360388787748687E-4,63.842673194318024,0.6637216593482144
-3215627.966,3087160.532,train,2.9357127855144754E-4,35.34734600369827,0.5706032255498003
-3206820.205,2993651.291,train,3.111294089118536E-4,38.66431634520544,0.5847736807312813
-3201198.889,2998794.126,train,3.8476567038341373E-4,53.37682452490581,0.6352547075852327
-3054004.578,3004013.015,train,3.788382700085397E-4,52.4829984888713,0.6316499457438924
-3057277.877,3008363.176,train,3.7477340122966864E-4,51.68525009613122,0.6291364200149255
-3058625.305,3045085.78,train,1.7512409921866564E-4,10.326789926455522,0.4421815793080829
-3165003.846,2996459.895,train,5.802912855240001E-4,81.03330520474252,0.7242660698376016
-3159139.808,2993319.378,train,2.475628271912488E-4,23.908454300068126,0.5284334526477618
-3154045.647,2995753.846,train,4.410638872909694E-4,65.04222493640522,0.6662742857065874
-3109088.906,2984977.05,train,3.11444150411313E-4,38.718072700736414,0.585019167902005
-3111903.386,2996873.963,train,3.6097081142952823E-4,48.43791687970929,0.6203394705528404
-3074588.516,3001898.782,train,3.253306966948511E-4,41.68010445805163,0.5955685987961377
-3064379.513,3008464.243,train,4.000655128950153E-4,55.32089144853077,0.644241280237208
-3039936.777,3042418.97,train,1.8960813939650293E-4,12.440950775672725,0.46186216330610147
-3080417.937,3056576.125,train,2.4264485347947102E-4,22.855038641896826,0.5234306056578281
-3070242.639,3056281.243,train,2.5898929582800846E-4,27.529666872299494,0.5396612467114376
-3072658.129,3060348.549,train,3.9562075967581483E-4,54.78293342165758,0.6416765581728715
-3139809.659,2949399.613,train,3.414238523519504E-4,44.71373938220624,0.6071425838250508
-3125660.496,2948736.128,train,2.9894818145405084E-4,36.8808087457619,0.5750443855888482
-3210050.049,2961073.812,train,1.8199952793612954E-4,11.205969451164462,0.45170016945963176
-3208122.19,2971075.556,train,1.7671075449362045E-4,10.427186074933575,0.4444074183219684
-3135796.521,3143402.493,train,1.2830063039522382E-4,5.501588342327091,0.3673896747633784
-3054546.087,2951887.354,train,2.602827621138915E-4,28.118462925785213,0.5408986267982229
-3061069.541,2975502.211,train,3.6456457531838766E-4,49.06416340662599,0.6226698592616244
-3024629.743,3031801.242,train,1.3451026606037679E-4,5.871242902546431,0.37844180697566804
-3055698.492,3072826.657,train,4.74001372980853E-4,69.49251254091637,0.6820919904747694
-3035253.483,2935464.287,train,6.5789574369238565E-6,0.07612207665139725,0.028918427262568335
-3048273.739,2944613.194,train,2.3153424902843146E-4,20.320074206405554,0.5117278629399995
-3066568.46,2976864.991,train,3.057998140801729E-4,37.58696790050469,0.5805722411948444
-3035920.335,2962744.062,train,2.723236759301419E-4,31.545422800055192,0.5521060334994867
-2964607.151,3002202.739,train,3.1468053473918876E-4,39.668653148148465,0.5875266962538248
-2752282.369,3067396.432,train,2.6355373463169524E-4,28.519781588074864,0.5439982852579978
-2734984.564,3081033.171,train,6.149074714987444E-4,83.91217974406186,0.735685698181724
-2722098.088,3078883.382,train,1.5001382215755493E-4,7.773046835309383,0.40442035346403227
-2652973.574,3082248.656,train,5.41913833656194E-4,78.15592498078793,0.7103941839877527
-2241271.6,2282620.543,train,4.680374983473108E-4,68.90616674213099,0.6793400657195524
-2252365.53,2255821.619,train,3.61424679866199E-4,48.47494802245717,0.6206353699961512
-2209247.816,143748.0014,train,6.15105017915713E-4,83.93569895904864,0.7357481535438753
-2211775.734,147785.0387,train,6.15105017915713E-4,83.93569895904864,0.7357481535438753
-2227193.129,242475.9933,train,4.07641129027191E-4,56.780500237733364,0.6485289853514801
-2232962.587,200604.8138,train,7.515222388902661E-4,92.477139933694,0.7728181644014643
-2089290.218,-431263.6451,train,8.563755714059844E-4,96.15763012107769,0.794929772840512
-2094684.857,-430602.2897,train,8.563755714059844E-4,96.15763012107769,0.794929772840512
-2119819.652,-419579.6209,train,0.0010159705605649577,99.37466139406801,0.8213897849046425
-2110588.505,-424691.7814,train,0.0010159705605649577,99.37466139406801,0.8213897849046425
-2071243.412,-449677.9159,train,6.952336098850559E-4,88.79026498077384,0.7588600988355412
-2103913.629,-444807.9881,train,3.726038151897193E-4,51.43121844417074,0.6277807569434197
-2098179.504,-449621.7335,train,8.735211316593811E-4,96.8937524171542,0.7981424069351108
-2037036.439,-449176.2658,train,4.40763380248603E-4,64.97938071058351,0.6661227227498957
-2084685.477,-449042.9804,train,7.500639263754029E-4,92.02683653403473,0.7724769624829481
-2200802.276,106287.5518,train,5.233038844739724E-4,75.52025181960357,0.7031523603025228
-2199542.484,110001.1875,train,5.233038844739724E-4,75.52025181960357,0.7031523603025228
-2207677.428,90618.34851,train,5.886644080129975E-4,81.85674134495635,0.7271178410343554
-2207876.237,79837.22346,train,5.80382271630434E-4,81.18976640216864,0.724297378756183
-2209094.796,80217.4426,train,5.80382271630434E-4,81.18976640216864,0.724297378756183
-2206074.467,78734.96552,train,5.80382271630434E-4,81.18976640216864,0.724297378756183
-2217563.599,44591.39817,train,3.5811383833643496E-4,48.1898696264122,0.6184662173757687
-2220086.954,50809.50059,train,3.5811383833643496E-4,48.1898696264122,0.6184662173757687
-2204480.089,115802.6928,train,5.233038844739724E-4,75.52025181960357,0.7031523603025228
-2204292.359,118197.4509,train,6.783000496723994E-4,87.68990317902909,0.7543191081058589
-2201261.873,106598.7864,train,5.233038844739724E-4,75.52025181960357,0.7031523603025228
-2123831.56,-279889.1509,train,5.016212285818387E-4,73.54770497776735,0.6942443132745586
-2127830.513,-265065.3421,train,5.246376631501367E-4,75.75338573704505,0.7036834100630565
-2123992.188,-274275.5163,train,6.228996441695348E-4,85.02482672110865,0.7381891260472163
-2173712.249,-140323.8007,train,2.1456563519575594E-4,17.445621313585004,0.4927025017996745
-2182982.086,-136390.675,train,5.80426256297095E-4,81.26499349261411,0.7243125116204704
-1812336.229,-1232837.358,train,3.6802506475444E-4,49.43060507342385,0.6248869480269766
-1814133.143,-1228740.095,train,5.436453516661165E-4,78.22622606061367,0.7110500555307145
-2166283.892,-98536.08917,train,7.78755829665212E-4,93.01676811454958,0.7790071381124901
-2198242.738,116287.5596,train,5.233038844739724E-4,75.52025181960357,0.7031523603025228
-2184611.072,-25767.13492,train,6.428872549708961E-4,86.02828824750439,0.7442471491937968
-2184325.522,15876.03153,train,6.328259674633438E-4,85.65445726134381,0.7412331399559436
-2163469.454,-100621.1634,train,7.78755829665212E-4,93.01676811454958,0.7790071381124901
-1880158.74,1276153.709,train,2.040935066857593E-4,15.35769875257312,0.4802029814458519
-2176118.633,-47856.73456,train,6.83537175548913E-4,88.0296173023656,0.7557416846064666
-1858004.776,1264155.478,train,2.3696033459369385E-4,21.543680178462743,0.5175140850462542
-1953713.343,-503218.4233,train,5.311669200676005E-4,76.75637664404182,0.7062558828129432
-2076681.364,1729126.689,train,4.0557298029533556E-4,56.252007939988786,0.6473687289157184
-2163215.51,-101627.1991,train,7.78755829665212E-4,93.01676811454958,0.7790071381124901
-2077432.347,1729770.685,train,3.008207675988104E-4,37.17817481692607,0.5765695943735013
-2076558.24,1729158.872,train,4.0557298029533556E-4,56.252007939988786,0.6473687289157184
-2133608.552,712165.1494,train,5.633196792140183E-4,79.36934318537087,0.7182989676003557
-2191729.934,461402.3743,train,7.931309836325843E-4,93.3297123916858,0.7821399209311797
-2184179.993,14387.29221,train,6.328259674633438E-4,85.65445726134381,0.7412331399559436
-2016741.655,-518965.4973,train,1.815285061580843E-4,11.11580727851825,0.451058447226785
-2240200.103,1998671.838,train,6.568933333278935E-4,86.68837366071631,0.7483278437199103
-2227490.095,212724.4708,train,6.977986662761251E-4,89.06881616967942,0.7595333586818125
-2247142.261,1991492.38,train,6.568933333278935E-4,86.68837366071631,0.7483278437199103
-1839357.882,1254534.315,train,3.1916268300726674E-4,40.516133130200444,0.5909498038446233
-1889119.512,1417010.353,train,3.6368981434695694E-4,48.93130762210518,0.6221052556811081
-2185600.715,-25170.24527,train,6.428872549708961E-4,86.02828824750439,0.7442471491937968
-2184215.775,15955.81131,train,6.328259674633438E-4,85.65445726134381,0.7412331399559436
-2184217.583,15889.05855,train,6.328259674633438E-4,85.65445726134381,0.7412331399559436
-2190216.457,462300.0001,train,7.931309836325843E-4,93.3297123916858,0.7821399209311797
-2185013.363,-25679.05836,train,6.428872549708961E-4,86.02828824750439,0.7442471491937968
-2078870.35,816148.0381,train,6.04239398542688E-4,82.50992347006849,0.7322685173349028
-1858334.316,1275628.619,train,1.9567412859653084E-4,13.542177555732309,0.46969790986175325
-1868293.37,1274567.584,train,1.2636780142213943E-4,5.3393740324606025,0.3638689002505598
-2062494.182,-395714.3675,train,8.377224926225752E-4,95.28443488131127,0.7913164799117207
-3186053.055,3127583.841,train,4.2681043276896185E-4,61.58220532562098,0.6589305937541575
-2918474.388,3130671.382,train,2.4256444806122394E-4,22.844243458427503,0.5233479305391968
-3184895.691,3129858.128,train,4.2681043276896185E-4,61.58220532562098,0.6589305937541575
-2842972.001,3142722.484,train,4.1284558277783235E-4,57.571650382867205,0.6514152419746009
-3156771.64,3140361.356,train,6.298379524063475E-4,85.37999298844836,0.7403243058444655
-2718189.352,3141168.156,train,4.0733384493788936E-4,56.70736925879387,0.6483570784356129
-2729491.194,3132754.735,train,2.631429990005063E-4,28.485304579056134,0.5436113613549434
-2735163.858,3119067.615,train,3.6840240980148717E-4,49.50343485410883,0.6251271334890405
-2157776.31,-162868.9736,train,2.983416211806615E-4,36.68130739976177,0.5745479876189137
-2171340.507,-116144.8994,train,8.075288605748877E-4,94.05249459893378,0.7851898711453226
-2171367.589,-118876.8623,train,5.790477521791473E-4,80.91681768280549,0.7238374479802079
-2163367.024,-151184.9292,train,4.303885509173796E-6,0.04527801082839587,0.01910923217497623
-2157514.263,-166517.5527,train,2.983416211806615E-4,36.68130739976177,0.5745479876189137
-2152011.462,-177847.0039,train,8.170108115060782E-5,2.406159349391108,0.2699767549045361
-2143644.557,-210917.157,train,6.61866793693668E-4,87.01727952940547,0.7497457163910806
-2145022.394,-204476.0644,train,6.61866793693668E-4,87.01727952940547,0.7497457163910806
-2155896.215,-174223.2181,train,8.170108115060782E-5,2.406159349391108,0.2699767549045361
-2158443.022,-162117.057,train,2.983416211806615E-4,36.68130739976177,0.5745479876189137
-2144324.879,-205719.4373,train,6.61866793693668E-4,87.01727952940547,0.7497457163910806
-2167778.899,-146481.5837,train,3.840415613547065E-4,53.28775784106626,0.6348181266664987
-2156621.408,-169425.5592,train,2.983416211806615E-4,36.68130739976177,0.5745479876189137
-2166334.74,-147857.374,train,3.840415613547065E-4,53.28775784106626,0.6348181266664987
-2154396.932,-176387.9892,train,8.170108115060782E-5,2.406159349391108,0.2699767549045361
-2078313.239,1630198.146,train,4.3655454650606563E-4,64.5399168016176,0.6639854071632072
-2062205.062,1629035.661,train,2.255155380088271E-4,19.44087324899532,0.5051451464873201
-2078022.244,1630057.507,train,4.3655454650606563E-4,64.5399168016176,0.6639854071632072
-2068308.624,1622160.898,train,3.614265229227129E-4,48.475098397507175,0.620636570636218
-1881411.271,1337656.585,train,1.9297921021097737E-4,13.386360423564646,0.46624509961571675
-1880691.02,1341411.088,train,1.9297921021097737E-4,13.386360423564646,0.46624509961571675
-1879309.395,1331474.728,train,3.106090531422502E-4,38.60952148275054,0.584367184093519
-1880312.964,1339781.293,train,1.9297921021097737E-4,13.386360423564646,0.46624509961571675
-1881269.208,1336997.559,train,1.9297921021097737E-4,13.386360423564646,0.46624509961571675
-1879819.396,1339838.604,train,1.9297921021097737E-4,13.386360423564646,0.46624509961571675
-1865605.355,1318011.31,train,2.705939454451345E-4,31.2196574367254,0.550529814998665
-1866981.045,1317760.919,train,2.705939454451345E-4,31.2196574367254,0.550529814998665
-1880975.627,1340388.67,train,1.9297921021097737E-4,13.386360423564646,0.46624509961571675
-1880816.8,1339665.688,train,1.9297921021097737E-4,13.386360423564646,0.46624509961571675
-1880150.692,1339527.637,train,1.9297921021097737E-4,13.386360423564646,0.46624509961571675
-1881862.912,1339836.619,train,1.9297921021097737E-4,13.386360423564646,0.46624509961571675
-1881529.656,1338587.299,train,1.9297921021097737E-4,13.386360423564646,0.46624509961571675
-1881425.598,1338886.478,train,1.9297921021097737E-4,13.386360423564646,0.46624509961571675
-1896678.663,1370364.289,train,2.662087973737272E-4,29.263125050380612,0.5464836839228046
-2035791.832,1583103.066,train,2.5034164655448997E-4,25.443459831899414,0.5312140606148898
-2060942.32,1629234.091,train,2.255155380088271E-4,19.44087324899532,0.5051451464873201
-2124502.332,1555577.73,train,1.8176828623118948E-4,11.161705564661515,0.4513853122913517
-2000537.575,1357917.345,train,5.072350489647862E-4,74.00221743232167,0.6966015774442442
-1998626.493,1358271.817,train,5.072350489647862E-4,74.00221743232167,0.6966015774442442
-1887663.273,1268174.686,train,3.5172403391625607E-4,46.48801567966283,0.6142089136671035
-1883232.237,1332058.889,train,3.106090531422502E-4,38.60952148275054,0.584367184093519
-1894487.495,1421327.175,train,3.6368981434695694E-4,48.93130762210518,0.6221052556811081
-1899742.744,1406758.779,train,1.6213391748894995E-4,8.5859422477986,0.42326483511465507
-1891793.938,1417409.076,train,3.6368981434695694E-4,48.93130762210518,0.6221052556811081
-1884227.133,1332356.952,train,3.106090531422502E-4,38.60952148275054,0.584367184093519
-1884333.253,1332388.755,train,3.106090531422502E-4,38.60952148275054,0.584367184093519
-1883776.878,1339714.087,train,1.9297921021097737E-4,13.386360423564646,0.46624509961571675
-1894163.577,1368306.455,train,2.3928377307809562E-4,22.52536389332149,0.5199500114459781
-1882743.374,1334245.981,train,3.106090531422502E-4,38.60952148275054,0.584367184093519
-1883257.218,1337184.188,train,1.9297921021097737E-4,13.386360423564646,0.46624509961571675
-1883088.321,1337747.642,train,1.9297921021097737E-4,13.386360423564646,0.46624509961571675
-1936626.572,1406990.715,train,4.436095749805112E-4,65.44009850911593,0.6675527230676821
-1883926.614,1336565.664,train,1.9297921021097737E-4,13.386360423564646,0.46624509961571675
-2170932.141,-109988.8507,train,8.075288605748877E-4,94.05249459893378,0.7851898711453226
-1881419.06,1339703.632,train,1.9297921021097737E-4,13.386360423564646,0.46624509961571675
-1879317.785,1327817.921,train,3.106090531422502E-4,38.60952148275054,0.584367184093519
-1880032.081,1328645.314,train,3.106090531422502E-4,38.60952148275054,0.584367184093519
-1881140.888,1329385.716,train,3.106090531422502E-4,38.60952148275054,0.584367184093519
-1882808.996,1356699.674,train,1.0492501983792167E-4,3.4814623629172807,0.32200742100772345
-2077335.867,1629464.832,train,4.3655454650606563E-4,64.5399168016176,0.6639854071632072
-2072030.256,1613548.066,train,4.0405694409297255E-4,55.896700298036876,0.6465133366717851
-1881143.892,1339344.895,train,1.9297921021097737E-4,13.386360423564646,0.46624509961571675
-1881196.462,1339121.173,train,1.9297921021097737E-4,13.386360423564646,0.46624509961571675
-1884407.959,1329340.504,train,3.106090531422502E-4,38.60952148275054,0.584367184093519
-1884176.8,1331318.745,train,3.106090531422502E-4,38.60952148275054,0.584367184093519
-1898041.31,1368959.148,train,2.662087973737272E-4,29.263125050380612,0.5464836839228046
-2163501.714,-100610.9045,train,7.78755829665212E-4,93.01676811454958,0.7790071381124901
-1880475.675,1340852.932,train,1.9297921021097737E-4,13.386360423564646,0.46624509961571675
-1880869.428,1339947.929,train,1.9297921021097737E-4,13.386360423564646,0.46624509961571675
-1877755.003,1329783.766,train,3.106090531422502E-4,38.60952148275054,0.584367184093519
-1880869.968,1335629.121,train,3.106090531422502E-4,38.60952148275054,0.584367184093519
-1881006.925,1339464.744,train,1.9297921021097737E-4,13.386360423564646,0.46624509961571675
-1875514.042,1326853.722,train,3.106090531422502E-4,38.60952148275054,0.584367184093519
-2068353.95,1630128.521,train,2.687317576802441E-4,30.50373320056455,0.5488204466906433
-2068732.531,1631427.839,train,2.687317576802441E-4,30.50373320056455,0.5488204466906433
-2115420.682,1758734.089,train,4.524715429210095E-4,67.08135371406718,0.671927785800381
-2067621.015,1614434.125,train,4.0405694409297255E-4,55.896700298036876,0.6465133366717851
-1898248.799,1372305.954,train,2.662087973737272E-4,29.263125050380612,0.5464836839228046
-2060207.812,867134.2279,train,6.430379812417829E-4,86.03438940519185,0.7442917678029005
-2059264.814,871806.3293,train,6.430379812417829E-4,86.03438940519185,0.7442917678029005
-2084001.633,814564.4909,train,6.04239398542688E-4,82.50992347006849,0.7322685173349028
-2084021.617,814524.8725,train,6.04239398542688E-4,82.50992347006849,0.7322685173349028
-2053674.737,889819.4444,train,6.054798323267389E-4,82.75200490110618,0.7326703840009883
-2084431.325,812904.8666,train,6.04239398542688E-4,82.50992347006849,0.7322685173349028
-2053247.501,890532.9644,train,6.054798323267389E-4,82.75200490110618,0.7326703840009883
-2165967.312,657079.7691,train,4.280306960528973E-4,61.99780498852638,0.6595719267086521
-2165687.61,658211.9304,train,4.280306960528973E-4,61.99780498852638,0.6595719267086521
-2167502.02,656963.2174,train,4.280306960528973E-4,61.99780498852638,0.6595719267086521
-2083992.031,814570.2039,train,6.04239398542688E-4,82.50992347006849,0.7322685173349028
-2083997.48,814578.0531,train,6.04239398542688E-4,82.50992347006849,0.7322685173349028
-2038349.809,923748.586,train,4.506061802310603E-4,66.75018519189118,0.6710164702689941
-2038163.886,921214.354,train,4.506061802310603E-4,66.75018519189118,0.6710164702689941
-2048972.938,896844.9198,train,6.054798323267389E-4,82.75200490110618,0.7326703840009883
-2056495.737,880854.9299,train,4.8261824816702706E-4,70.52165101508294,0.6859856914003527
-2056518.416,879481.689,train,4.8261824816702706E-4,70.52165101508294,0.6859856914003527
-2047933.09,897408.8947,train,6.054798323267389E-4,82.75200490110618,0.7326703840009883
-2083988.827,814606.3077,train,6.04239398542688E-4,82.50992347006849,0.7322685173349028
-2061775.155,-396528.9679,train,8.377224926225752E-4,95.28443488131127,0.7913164799117207
-2062721.156,-396070.8981,train,8.377224926225752E-4,95.28443488131127,0.7913164799117207
-2103576.947,-443482.6028,train,3.726038151897193E-4,51.43121844417074,0.6277807569434197
-2100747.081,-446219.3679,train,3.726038151897193E-4,51.43121844417074,0.6277807569434197
-2049819.35,-442735.2404,train,6.866662695024174E-4,88.17496583012027,0.7565838149050976
-2050106.054,-442936.9173,train,6.866662695024174E-4,88.17496583012027,0.7565838149050976
-2163373.947,-100217.6528,train,7.78755829665212E-4,93.01676811454958,0.7790071381124901
-2163589.382,-99920.8076,train,7.78755829665212E-4,93.01676811454958,0.7790071381124901
-2163158.077,-100701.0987,train,7.78755829665212E-4,93.01676811454958,0.7790071381124901
-2163101.105,-100842.6061,train,7.78755829665212E-4,93.01676811454958,0.7790071381124901
-2045672.527,-442876.8655,train,6.866662695024174E-4,88.17496583012027,0.7565838149050976
-2058327.328,-442287.5179,train,6.751741371105897E-4,87.49980876587722,0.7534620824772271
-2057917.613,-442705.2818,train,6.751741371105897E-4,87.49980876587722,0.7534620824772271
-2058661.339,-441573.4589,train,6.751741371105897E-4,87.49980876587722,0.7534620824772271
-2172378.774,-54833.83287,train,6.447307942605247E-4,86.10291176099604,0.7447918140600871
-2056940.436,-448536.8954,train,6.751741371105897E-4,87.49980876587722,0.7534620824772271
-2071894.191,-448749.4806,train,6.952336098850559E-4,88.79026498077384,0.7588600988355412
-2071534.972,-449046.5118,train,6.952336098850559E-4,88.79026498077384,0.7588600988355412
-2170099.43,-105709.0265,train,7.78755829665212E-4,93.01676811454958,0.7790071381124901
-2075838.514,-435285.9965,train,6.983511461427869E-4,89.34819708833929,0.7596778783392426
-2076490.832,-434828.5882,train,6.983511461427869E-4,89.34819708833929,0.7596778783392426
-2036030.432,-451289.7321,train,1.8955109201063574E-5,0.24311356127362577,0.07902022536439532
-2046810.491,-450290.3615,train,6.866662695024174E-4,88.17496583012027,0.7565838149050976
-2048312.164,-449816.6417,train,6.866662695024174E-4,88.17496583012027,0.7565838149050976
-2112899.16,-425615.3653,train,0.0010159705605649577,99.37466139406801,0.8213897849046425
-2113376.151,-424046.782,train,0.0010159705605649577,99.37466139406801,0.8213897849046425
-2118813.394,-427227.986,train,0.0010159705605649577,99.37466139406801,0.8213897849046425
-2119183.727,-426910.8167,train,0.0010159705605649577,99.37466139406801,0.8213897849046425
-2112120.889,-425691.8037,train,0.0010159705605649577,99.37466139406801,0.8213897849046425
-2112628.792,-430012.1885,train,5.007637635502313E-4,73.14675940792321,0.6938810319417954
-2113266.071,-430088.6443,train,5.007637635502313E-4,73.14675940792321,0.6938810319417954
-2156078.611,-175234.642,train,8.170108115060782E-5,2.406159349391108,0.2699767549045361
-2068579.296,-392495.6856,train,3.8931752000882916E-4,54.135671977789926,0.637975388301238
-2155908.141,-174458.3259,train,8.170108115060782E-5,2.406159349391108,0.2699767549045361
-2068493.818,-392339.1914,train,3.8931752000882916E-4,54.135671977789926,0.637975388301238
-2068819.274,-392098.3145,train,3.8931752000882916E-4,54.135671977789926,0.637975388301238
-2068080.526,-436931.8234,train,6.983511461427869E-4,89.34819708833929,0.7596778783392426
-2156578.53,-169398.5013,train,2.983416211806615E-4,36.68130739976177,0.5745479876189137
-2156814.622,-169324.6161,train,2.983416211806615E-4,36.68130739976177,0.5745479876189137
-2068169.659,-436643.8423,train,6.983511461427869E-4,89.34819708833929,0.7596778783392426
-2068431.486,-436393.461,train,6.983511461427869E-4,89.34819708833929,0.7596778783392426
-2172234.079,-139647.5935,train,8.15656468539431E-4,94.37637314399939,0.7868741558303904
-2172038.79,-139895.9232,train,8.15656468539431E-4,94.37637314399939,0.7868741558303904
-2158369.394,-162170.3328,train,2.983416211806615E-4,36.68130739976177,0.5745479876189137
-2158663.867,-161638.4207,train,2.983416211806615E-4,36.68130739976177,0.5745479876189137
-2099542.664,-447386.514,train,3.726038151897193E-4,51.43121844417074,0.6277807569434197
-2099804.078,-447203.9438,train,3.726038151897193E-4,51.43121844417074,0.6277807569434197
-2098740.242,-448318.6281,train,3.726038151897193E-4,51.43121844417074,0.6277807569434197
-2098331.467,-448738.3808,train,8.735211316593811E-4,96.8937524171542,0.7981424069351108
-2096295.259,-447895.8511,train,8.735211316593811E-4,96.8937524171542,0.7981424069351108
-2096559.355,-448492.6417,train,8.735211316593811E-4,96.8937524171542,0.7981424069351108
-2096346.898,-448129.5534,train,8.735211316593811E-4,96.8937524171542,0.7981424069351108
-2070817.7,-434117.3258,train,6.983511461427869E-4,89.34819708833929,0.7596778783392426
-2072824.057,-433290.2344,train,6.983511461427869E-4,89.34819708833929,0.7596778783392426
-2116779.035,-342701.3348,train,9.2386089562931E-4,98.78867653293808,0.8070187340112336
-2117022.354,-337362.1846,train,9.2386089562931E-4,98.78867653293808,0.8070187340112336
-2169112.452,-106108.0927,train,7.78755829665212E-4,93.01676811454958,0.7790071381124901
-2116469.232,-343092.1409,train,9.2386089562931E-4,98.78867653293808,0.8070187340112336
-2117325.934,-341207.1263,train,9.2386089562931E-4,98.78867653293808,0.8070187340112336
-2107794.436,-379689.6254,train,7.430345317201013E-4,91.5046862127041,0.7708178109696615
-2107302.77,-380049.906,train,7.430345317201013E-4,91.5046862127041,0.7708178109696615
-2170741.824,-111441.5418,train,8.075288605748877E-4,94.05249459893378,0.7851898711453226
-2130827.593,-242300.4457,train,3.187454527218435E-4,40.35333169532518,0.5906335567457549
-2132581.094,-236558.3214,train,3.187454527218435E-4,40.35333169532518,0.5906335567457549
-2132429.114,-236916.3214,train,3.187454527218435E-4,40.35333169532518,0.5906335567457549
-2171020.328,-117074.4313,train,8.075288605748877E-4,94.05249459893378,0.7851898711453226
-2170004.8,-110477.1572,train,8.075288605748877E-4,94.05249459893378,0.7851898711453226
-2170344.358,-110025.9254,train,8.075288605748877E-4,94.05249459893378,0.7851898711453226
-2122095.858,-255934.8876,train,7.704512504349062E-4,92.78177018077402,0.7771559145423087
-2121822.693,-255979.3823,train,7.704512504349062E-4,92.78177018077402,0.7771559145423087
-2168848.013,-110430.0578,train,8.075288605748877E-4,94.05249459893378,0.7851898711453226
-2127498.149,-249839.0087,train,7.704512504349062E-4,92.78177018077402,0.7771559145423087
-2123240.464,-279983.8113,train,5.016212285818387E-4,73.54770497776735,0.6942443132745586
-2123769.044,-278526.7657,train,6.228996441695348E-4,85.02482672110865,0.7381891260472163
-2113001.567,-373027.725,train,9.059479815810516E-4,98.24041195065074,0.8039510702983971
-2036143.046,-404429.9397,train,9.187700900661431E-4,98.69170642891518,0.8061567200670754
-2169778.814,-106007.5233,train,7.78755829665212E-4,93.01676811454958,0.7790071381124901
-2168864.7,-108671.4901,train,8.075288605748877E-4,94.05249459893378,0.7851898711453226
-2081257.861,-383848.639,train,9.093636744595654E-4,98.51251247974339,0.8045435251116154
-2099726.424,-380333.927,train,7.430345317201013E-4,91.5046862127041,0.7708178109696615
-2170819.431,-104860.6597,train,7.78755829665212E-4,93.01676811454958,0.7790071381124901
-2171330.379,-125277.248,train,5.790477521791473E-4,80.91681768280549,0.7238374479802079
-2166885.618,-147521.0825,train,3.840415613547065E-4,53.28775784106626,0.6348181266664987
-2166676.992,-147754.6102,train,3.840415613547065E-4,53.28775784106626,0.6348181266664987
-2218269.229,165931.196,train,5.409842837376862E-4,77.98610627648631,0.7100408554740363
-2164811.901,657635.0964,train,4.280306960528973E-4,61.99780498852638,0.6595719267086521
-2060263.993,866363.0375,train,6.430379812417829E-4,86.03438940519185,0.7442917678029005
-2060197.235,866326.6094,train,6.430379812417829E-4,86.03438940519185,0.7442917678029005
-2231084.256,191909.0347,train,7.515222388902661E-4,92.477139933694,0.7728181644014643
-2216638.023,158977.6621,train,4.1442905354311185E-4,57.88803369495215,0.6522840123096586
-2208341.905,140918.239,train,6.15105017915713E-4,83.93569895904864,0.7357481535438753
-2211530.277,146117.3244,train,6.15105017915713E-4,83.93569895904864,0.7357481535438753
-2230500.505,190353.7692,train,5.468341751877768E-4,78.53801355015285,0.712250190321013
-1983355.558,-464917.6707,train,1.3140277722021E-4,5.65955137153684,0.37295968470117696
-2234021.256,205613.7481,train,6.977986662761251E-4,89.06881616967942,0.7595333586818125
-2227581.151,185585.979,train,5.468341751877768E-4,78.53801355015285,0.712250190321013
-2217936.022,163857.5705,train,5.409842837376862E-4,77.98610627648631,0.7100408554740363
-2232518.629,196769.5529,train,7.515222388902661E-4,92.477139933694,0.7728181644014643
-2219251.274,169243.9177,train,5.409842837376862E-4,77.98610627648631,0.7100408554740363
-2209352.157,142985.7221,train,6.15105017915713E-4,83.93569895904864,0.7357481535438753
-2233821.781,203245.4028,train,6.977986662761251E-4,89.06881616967942,0.7595333586818125
-2234076.035,202741.247,train,6.977986662761251E-4,89.06881616967942,0.7595333586818125
-2231338.569,193081.338,train,7.515222388902661E-4,92.477139933694,0.7728181644014643
-2233962.642,204817.222,train,6.977986662761251E-4,89.06881616967942,0.7595333586818125
-2231384.3,192417.3544,train,7.515222388902661E-4,92.477139933694,0.7728181644014643
-1981770.801,-464538.4821,train,1.3140277722021E-4,5.65955137153684,0.37295968470117696
-2228863.708,188206.0474,train,5.468341751877768E-4,78.53801355015285,0.712250190321013
-2232924.713,198002.5489,train,7.515222388902661E-4,92.477139933694,0.7728181644014643
-2164436.546,-98337.56611,train,7.78755829665212E-4,93.01676811454958,0.7790071381124901
-2164565.168,-98075.97737,train,7.78755829665212E-4,93.01676811454958,0.7790071381124901
-2166550.646,-97515.19975,train,7.78755829665212E-4,93.01676811454958,0.7790071381124901
-2167913.241,-99552.5146,train,7.78755829665212E-4,93.01676811454958,0.7790071381124901
-2081889.283,-383434.5288,train,9.093636744595654E-4,98.51251247974339,0.8045435251116154
-2164049.627,-99526.07033,train,7.78755829665212E-4,93.01676811454958,0.7790071381124901
-2163968.445,-99737.76586,train,7.78755829665212E-4,93.01676811454958,0.7790071381124901
-2163195.199,-101084.3975,train,7.78755829665212E-4,93.01676811454958,0.7790071381124901
-2164535.72,-98785.16525,train,7.78755829665212E-4,93.01676811454958,0.7790071381124901
-2059984.884,868477.3039,train,6.430379812417829E-4,86.03438940519185,0.7442917678029005
-2060015.115,868403.7403,train,6.430379812417829E-4,86.03438940519185,0.7442917678029005
-2059919.614,868563.6532,train,6.430379812417829E-4,86.03438940519185,0.7442917678029005
-2059422.797,869069.4312,train,6.430379812417829E-4,86.03438940519185,0.7442917678029005
-2058377.043,872675.9326,train,6.430379812417829E-4,86.03438940519185,0.7442917678029005
-2163154.315,-101377.4116,train,7.78755829665212E-4,93.01676811454958,0.7790071381124901
-2057155.618,875430.6182,train,6.430379812417829E-4,86.03438940519185,0.7442917678029005
-2233539.733,200157.2452,train,7.515222388902661E-4,92.477139933694,0.7728181644014643
-2122671.815,-280993.4133,train,5.016212285818387E-4,73.54770497776735,0.6942443132745586
-2169656.758,-100473.2112,train,7.78755829665212E-4,93.01676811454958,0.7790071381124901
-2170018.854,-101792.9388,train,7.78755829665212E-4,93.01676811454958,0.7790071381124901
-2170987.083,-102454.6253,train,7.78755829665212E-4,93.01676811454958,0.7790071381124901
-2171361.016,-103096.8123,train,7.78755829665212E-4,93.01676811454958,0.7790071381124901
-2112678.383,-373852.7497,train,9.059479815810516E-4,98.24041195065074,0.8039510702983971
-2053193.171,-449268.5221,train,6.866662695024174E-4,88.17496583012027,0.7565838149050976
-1848151.529,1225089.221,train,2.1611384933364945E-4,17.84094663637253,0.4944996219533343
-2069863.652,844499.8573,train,5.081352229503379E-4,74.30803981885937,0.6969761866243736
-2067682.717,850182.0849,train,5.081352229503379E-4,74.30803981885937,0.6969761866243736
-1847981.21,1225122.165,train,2.1611384933364945E-4,17.84094663637253,0.4944996219533343
-1854901.288,1221930.802,train,3.071891862221512E-4,38.13373878342673,0.5816756863291759
-1856077.773,1225565.964,train,3.071891862221512E-4,38.13373878342673,0.5816756863291759
-1878394.978,1270503.022,train,2.5984895971531386E-4,27.997003973128784,0.540484376620991
-1845715.839,1225121.518,train,2.1611384933364945E-4,17.84094663637253,0.4944996219533343
-1992008.604,1354670.46,train,5.144220544540998E-4,74.765734748354,0.6995668933287974
-1848890.74,1225869.501,train,2.1611384933364945E-4,17.84094663637253,0.4944996219533343
-1838368.82,1252618.316,train,3.1916268300726674E-4,40.516133130200444,0.5909498038446233
-1888273.041,1268233.075,train,3.5172403391625607E-4,46.48801567966283,0.6142089136671035
-1821944.583,1271528.807,train,1.3671373904879723E-4,6.07934508556166,0.38227136926100613
-1853356.118,1271180.902,train,2.3696033459369385E-4,21.543680178462743,0.5175140850462542
-1853563.379,1280341.484,train,1.9567412859653084E-4,13.542177555732309,0.46969790986175325
-1834225.003,1274455.799,train,1.722029205417348E-4,9.787974756916052,0.43803661424510043
-1837728.229,1275834.756,train,1.722029205417348E-4,9.787974756916052,0.43803661424510043
-1835315.966,1275197.751,train,1.722029205417348E-4,9.787974756916052,0.43803661424510043
-2169653.431,-110541.6554,train,8.075288605748877E-4,94.05249459893378,0.7851898711453226
-1888068.713,1268110.905,train,3.5172403391625607E-4,46.48801567966283,0.6142089136671035
-1868356.718,1278302.914,train,1.2636780142213943E-4,5.3393740324606025,0.3638689002505598
-2168785.028,-110581.7958,train,8.075288605748877E-4,94.05249459893378,0.7851898711453226
-2163659.621,-99607.35811,train,7.78755829665212E-4,93.01676811454958,0.7790071381124901
-2164450.806,-99202.70989,train,7.78755829665212E-4,93.01676811454958,0.7790071381124901
-2169670.194,-110476.0095,train,8.075288605748877E-4,94.05249459893378,0.7851898711453226
-2027338.435,941871.8602,train,5.256970228109533E-4,75.86110482784977,0.704103846743168
-2164358.811,-98436.16221,train,7.78755829665212E-4,93.01676811454958,0.7790071381124901
-2171568.89,-118087.9715,train,8.075288605748877E-4,94.05249459893378,0.7851898711453226
-2171292.945,-115505.017,train,8.075288605748877E-4,94.05249459893378,0.7851898711453226
-2163015.679,-101697.806,train,7.78755829665212E-4,93.01676811454958,0.7790071381124901
-2171939.439,-113982.866,train,8.075288605748877E-4,94.05249459893378,0.7851898711453226
-2168915.171,-106125.6909,train,7.78755829665212E-4,93.01676811454958,0.7790071381124901
-1864516.781,1289193.309,train,1.4072529687136697E-4,6.58810507837988,0.38912350694592207
-1858105.553,1281119.222,train,1.9567412859653084E-4,13.542177555732309,0.46969790986175325
-2163322.117,-101631.46,train,7.78755829665212E-4,93.01676811454958,0.7790071381124901
-2064162.222,857495.4838,train,7.190311420716362E-4,90.55395623287237,0.7649652299655672
-1854891.634,1224587.561,train,3.071891862221512E-4,38.13373878342673,0.5816756863291759
-1857006.786,1221155.265,train,3.071891862221512E-4,38.13373878342673,0.5816756863291759
-2163265.631,-100489.3477,train,7.78755829665212E-4,93.01676811454958,0.7790071381124901
-2163230.71,-100113.9591,train,7.78755829665212E-4,93.01676811454958,0.7790071381124901
-1885968.78,-644259.3821,train,3.8721488526348116E-4,53.685355816555834,0.636723686448113
-1858182.604,1270809.247,train,2.3696033459369385E-4,21.543680178462743,0.5175140850462542
-1854464.881,1280733.932,train,1.9567412859653084E-4,13.542177555732309,0.46969790986175325
-1843628.142,1267855.03,train,2.753704571841931E-4,32.54872934251566,0.5548556947229125
-1856249.11,1272522.995,train,1.9567412859653084E-4,13.542177555732309,0.46969790986175325
-1854585.245,1280769.145,train,1.9567412859653084E-4,13.542177555732309,0.46969790986175325
-1859688.46,1288191.646,train,1.2562702971699436E-4,5.177284590423081,0.3625091258331004
-2164530.028,-99485.24018,train,7.78755829665212E-4,93.01676811454958,0.7790071381124901
-1857833.303,1281255.344,train,1.9567412859653084E-4,13.542177555732309,0.46969790986175325
-1839671.843,1255436.555,train,3.1916268300726674E-4,40.516133130200444,0.5909498038446233
-1857660.075,1276318.156,train,1.9567412859653084E-4,13.542177555732309,0.46969790986175325
-2077413.147,1629609.418,train,4.3655454650606563E-4,64.5399168016176,0.6639854071632072
-1969293.65,1289101.434,train,1.689343419923789E-4,9.619063815995416,0.4333250748926758
-2069798.124,846759.991,train,5.081352229503379E-4,74.30803981885937,0.6969761866243736
-2035749.129,1583061.45,train,2.5034164655448997E-4,25.443459831899414,0.5312140606148898
-2044524.016,1607958.568,train,1.4219959441140527E-4,6.8545508340004275,0.39160370859976057
-1913889.25,1386697.228,train,3.120422228215798E-4,38.80608243106899,0.5854848441638814
-2034115.105,1584521.974,train,2.9869186272467394E-4,36.83103316474641,0.5748347603628673
-1861760.021,1283882.485,train,1.2562702971699436E-4,5.177284590423081,0.3625091258331004
-1913344.994,1242166.368,train,1.9203599568386455E-4,12.88597877484892,0.46502597828569964
-1838157.174,1252771.722,train,3.1916268300726674E-4,40.516133130200444,0.5909498038446233
-1840949.708,1277308.217,train,1.722029205417348E-4,9.787974756916052,0.43803661424510043
-1937176.079,1414169.008,train,3.9636746463381835E-4,54.85256689285906,0.6421100048661359
-1928983.552,1416126.885,train,3.9636746463381835E-4,54.85256689285906,0.6421100048661359
-1851714.042,1218003.769,train,1.8401450264039733E-4,11.798645664301382,0.4544285267615223
-1934524.192,1414196.171,train,3.9636746463381835E-4,54.85256689285906,0.6421100048661359
-1928743.575,1415836.901,train,3.9636746463381835E-4,54.85256689285906,0.6421100048661359
-1935609.72,1414860.921,train,3.9636746463381835E-4,54.85256689285906,0.6421100048661359
-1854827.612,1225489.039,train,3.071891862221512E-4,38.13373878342673,0.5816756863291759
-2226820.543,242950.7752,train,4.07641129027191E-4,56.780500237733364,0.6485289853514801
-1856268.993,1276900.936,train,1.9567412859653084E-4,13.542177555732309,0.46969790986175325
-1942954.19,1448157.908,train,2.8772403598677313E-4,33.77268893609944,0.565667004593181
-2059440.723,-454928.2893,train,5.6415574474321636E-5,1.282033325361028,0.20341874763139411
-1909841.426,-536929.6574,train,8.642573021929284E-5,2.672005636412576,0.2811989249042925
-1858564.832,1277916.788,train,1.9567412859653084E-4,13.542177555732309,0.46969790986175325
-1955562.977,-503182.3896,train,5.311669200676005E-4,76.75637664404182,0.7062558828129432
-1993212.219,1367061.07,train,5.072350489647862E-4,74.00221743232167,0.6966015774442442
-1838482.879,1263219.844,train,1.992137250439369E-4,14.368956764068324,0.4741656501806982
-1854011.2,1270804.248,train,2.3696033459369385E-4,21.543680178462743,0.5175140850462542
-1856269.818,1272228.497,train,2.3696033459369385E-4,21.543680178462743,0.5175140850462542
-1855881.144,1272687.731,train,1.9567412859653084E-4,13.542177555732309,0.46969790986175325
-1887951.432,1268137.474,train,3.5172403391625607E-4,46.48801567966283,0.6142089136671035
-1889329.178,1269217.995,train,3.5172403391625607E-4,46.48801567966283,0.6142089136671035
-1878308.926,1270498.441,train,2.5984895971531386E-4,27.997003973128784,0.540484376620991
-2064204.461,-437535.394,train,3.232053052219757E-4,41.39905574713196,0.5939888660323185
-2071994.427,-433691.7448,train,6.983511461427869E-4,89.34819708833929,0.7596778783392426
-2068422.111,-433359.0725,train,6.983511461427869E-4,89.34819708833929,0.7596778783392426
-2063032.113,-437732.0294,train,3.232053052219757E-4,41.39905574713196,0.5939888660323185
-2071792.616,-448353.913,train,6.952336098850559E-4,88.79026498077384,0.7588600988355412
-1856273.917,1276660.708,train,1.9567412859653084E-4,13.542177555732309,0.46969790986175325
-2107044.706,748922.8391,train,8.285639261351153E-4,95.03451464026976,0.7894953571789769
-1917162.88,1246567.068,train,2.667955276306355E-4,30.052245335103077,0.5470292701781881
-1858391.663,1281307.381,train,1.9567412859653084E-4,13.542177555732309,0.46969790986175325
-1848989.981,1263860.818,train,2.753704571841931E-4,32.54872934251566,0.5548556947229125
-1843639.851,1263757.303,train,2.753704571841931E-4,32.54872934251566,0.5548556947229125
-1858030.451,1266406.918,train,2.3696033459369385E-4,21.543680178462743,0.5175140850462542
-1856320.11,1266434.498,train,2.3696033459369385E-4,21.543680178462743,0.5175140850462542
-2106866.48,748986.8773,train,8.285639261351153E-4,95.03451464026976,0.7894953571789769
-1855918.96,1273751.322,train,1.9567412859653084E-4,13.542177555732309,0.46969790986175325
-1917439.813,1246670.064,train,2.667955276306355E-4,30.052245335103077,0.5470292701781881
-2163079.142,-101516.7011,train,7.78755829665212E-4,93.01676811454958,0.7790071381124901
-1848037.057,1225080.665,train,2.1611384933364945E-4,17.84094663637253,0.4944996219533343
-1936049.94,1415913.007,train,3.9636746463381835E-4,54.85256689285906,0.6421100048661359
-1971192.711,-532120.6938,train,1.9883072571227764E-4,14.285739797403371,0.4736858572006491
-1976730.034,-545066.6615,train,2.3821218717083462E-4,22.1619137545642,0.5188296085237865
-1971215.771,-533609.0591,train,1.9883072571227764E-4,14.285739797403371,0.4736858572006491
-1840077.237,1253455.066,train,3.1916268300726674E-4,40.516133130200444,0.5909498038446233
-2077402.972,1632250.482,train,4.3655454650606563E-4,64.5399168016176,0.6639854071632072
-2011387.689,1369813.757,train,5.083481270038283E-4,74.32083194579383,0.6970646518362035
-2076382.882,1632743.418,train,2.687317576802441E-4,30.50373320056455,0.5488204466906433
-2076766.723,1629963.028,train,2.687317576802441E-4,30.50373320056455,0.5488204466906433
-2121802.359,719707.935,train,5.50460196928505E-4,78.79386329764047,0.7136028111779731
-2077539.849,1631203.183,train,4.3655454650606563E-4,64.5399168016176,0.6639854071632072
-2077415.665,1636759.183,train,3.837643192568795E-4,53.06923769684219,0.6346506946318603
-1840946.636,1258925.121,train,3.1916268300726674E-4,40.516133130200444,0.5909498038446233
-1853681.108,1280385.719,train,1.9567412859653084E-4,13.542177555732309,0.46969790986175325
-1886047.852,-644163.7946,train,3.8721488526348116E-4,53.685355816555834,0.636723686448113
-1917667.136,1246328.77,train,2.667955276306355E-4,30.052245335103077,0.5470292701781881
-1917619.726,1247314.738,train,2.667955276306355E-4,30.052245335103077,0.5470292701781881
-1887569.93,1234141.5,train,4.2569956339687763E-4,61.065678737032606,0.6583446500880002
-1881610.91,1236966.846,train,2.9232308267392276E-4,34.82899842367508,0.5695589452410873
-1941609.822,1473847.432,train,1.5913416787499552E-4,8.195814275043956,0.4187127104691526
-1894172.589,1368728.182,train,3.254681858344934E-5,0.6162662574399521,0.1284058294017478
-1893919.927,1368302.673,train,2.3928377307809562E-4,22.52536389332149,0.5199500114459781
-2062547.824,-438175.2802,train,3.232053052219757E-4,41.39905574713196,0.5939888660323185
-1894026.546,1368069.572,train,2.3928377307809562E-4,22.52536389332149,0.5199500114459781
-1897370.489,1369698.078,train,2.662087973737272E-4,29.263125050380612,0.5464836839228046
-2169381.671,-106221.4393,train,7.78755829665212E-4,93.01676811454958,0.7790071381124901
-2169083.22,-106191.8736,train,7.78755829665212E-4,93.01676811454958,0.7790071381124901
-2168578.885,-107183.0192,train,7.78755829665212E-4,93.01676811454958,0.7790071381124901
-2164571.66,-97848.63719,train,7.78755829665212E-4,93.01676811454958,0.7790071381124901
-2171177.891,-105948.4734,train,7.78755829665212E-4,93.01676811454958,0.7790071381124901
-2165052.15,-98058.84805,train,7.78755829665212E-4,93.01676811454958,0.7790071381124901
-2163117.622,-100807.5065,train,7.78755829665212E-4,93.01676811454958,0.7790071381124901
-1886378.065,-649068.6972,train,3.8721488526348116E-4,53.685355816555834,0.636723686448113
-2089697.816,785794.1588,train,5.008819639644237E-4,73.39717874577016,0.6939311610796359
-1858292.65,1281521.268,train,1.9567412859653084E-4,13.542177555732309,0.46969790986175325
-2163006.584,-102512.1019,train,7.78755829665212E-4,93.01676811454958,0.7790071381124901
-2131001.434,715491.9741,train,5.633196792140183E-4,79.36934318537087,0.7182989676003557
-1857445.207,1271565.122,train,2.3696033459369385E-4,21.543680178462743,0.5175140850462542
-1855461.988,1273499.936,train,1.9567412859653084E-4,13.542177555732309,0.46969790986175325
-2126244.95,716175.2319,train,5.50460196928505E-4,78.79386329764047,0.7136028111779731
-2127343.504,716543.3524,train,5.50460196928505E-4,78.79386329764047,0.7136028111779731
-1864314.449,1288845.334,train,1.4072529687136697E-4,6.58810507837988,0.38912350694592207
-1864323.702,1289060.361,train,1.4072529687136697E-4,6.58810507837988,0.38912350694592207
-1948092.681,1494247.923,train,8.615912331141661E-4,96.30248725719572,0.7959178229853422
-2057601.087,874811.5614,train,6.430379812417829E-4,86.03438940519185,0.7442917678029005
-2169684.193,-110431.8593,train,8.075288605748877E-4,94.05249459893378,0.7851898711453226
-2163398.115,-101338.3584,train,7.78755829665212E-4,93.01676811454958,0.7790071381124901
-1969369.178,1288835.084,train,1.689343419923789E-4,9.619063815995416,0.4333250748926758
-2119169.819,-427030.3396,train,0.0010159705605649577,99.37466139406801,0.8213897849046425
-1968766.058,1288207.201,train,1.689343419923789E-4,9.619063815995416,0.4333250748926758
-1859937.444,1289146.942,train,1.2562702971699436E-4,5.177284590423081,0.3625091258331004
-1846397.625,1301014.188,train,1.3731981799554687E-4,6.136584884987831,0.3833164531934884
-1837071.086,1284205.543,train,2.453256740237163E-4,23.395572283537778,0.5261707763316252
-2163427.502,-100972.9913,train,7.78755829665212E-4,93.01676811454958,0.7790071381124901
-1834738.286,1274587.035,train,1.722029205417348E-4,9.787974756916052,0.43803661424510043
-1833019.907,1275890.568,train,1.722029205417348E-4,9.787974756916052,0.43803661424510043
-1837716.673,1281429.098,train,1.722029205417348E-4,9.787974756916052,0.43803661424510043
-1828293.322,1265715.354,train,1.3671373904879723E-4,6.07934508556166,0.38227136926100613
-2048841.089,-442413.081,train,6.866662695024174E-4,88.17496583012027,0.7565838149050976
-1839184.052,1254355.376,train,3.1916268300726674E-4,40.516133130200444,0.5909498038446233
-2024393.567,957084.666,train,4.0596163323055516E-4,56.35802718299365,0.6475873520627203
-2077502.564,1632616.075,train,4.3655454650606563E-4,64.5399168016176,0.6639854071632072
-2077605.985,1628808.388,train,4.3655454650606563E-4,64.5399168016176,0.6639854071632072
-2070429.627,1611589.375,train,4.0405694409297255E-4,55.896700298036876,0.6465133366717851
-1880284.351,1339732.202,train,1.9297921021097737E-4,13.386360423564646,0.46624509961571675
-1937370.576,1413292.752,train,3.9636746463381835E-4,54.85256689285906,0.6421100048661359
-1931798.365,1415385.443,train,3.9636746463381835E-4,54.85256689285906,0.6421100048661359
-1934370.268,1413883.514,train,3.9636746463381835E-4,54.85256689285906,0.6421100048661359
-1936006.36,1415638.404,train,3.9636746463381835E-4,54.85256689285906,0.6421100048661359
-1846936.978,1225220.26,train,2.1611384933364945E-4,17.84094663637253,0.4944996219533343
-1855359.857,1275389.855,train,1.9567412859653084E-4,13.542177555732309,0.46969790986175325
-2164858.807,-98966.39353,train,7.78755829665212E-4,93.01676811454958,0.7790071381124901
-1916048.696,1270671.35,train,3.141392699464957E-4,39.501321966345785,0.58710944038153
-1837416.861,1252538.431,train,3.1916268300726674E-4,40.516133130200444,0.5909498038446233
-2169937.973,-110270.4316,train,8.075288605748877E-4,94.05249459893378,0.7851898711453226
-2058584.186,-441838.8906,train,6.751741371105897E-4,87.49980876587722,0.7534620824772271
-2068905.211,-435804.2577,train,6.983511461427869E-4,89.34819708833929,0.7596778783392426
-1958904.219,-550649.6297,train,1.7007768177949156E-5,0.2000418723772472,0.0714824340393684
-1969985.775,-534885.8341,train,1.1983535376522519E-5,0.14269067061960367,0.05145243763162108
-2035260.527,-452438.3057,train,1.8955109201063574E-5,0.24311356127362577,0.07902022536439532
-2044014.993,-444408.5744,train,4.40763380248603E-4,64.97938071058351,0.6661227227498957
-2163395.437,-100168.9688,train,7.78755829665212E-4,93.01676811454958,0.7790071381124901
-2077163.135,1630534.424,train,4.3655454650606563E-4,64.5399168016176,0.6639854071632072
-2077396.694,1632207.389,train,4.3655454650606563E-4,64.5399168016176,0.6639854071632072
-1894836.715,1267381.101,train,3.5172403391625607E-4,46.48801567966283,0.6142089136671035
-2164870.752,660475.3898,train,4.280306960528973E-4,61.99780498852638,0.6595719267086521
-2168513.161,-110333.8673,train,8.075288605748877E-4,94.05249459893378,0.7851898711453226
-2169151.615,-106091.0026,train,7.78755829665212E-4,93.01676811454958,0.7790071381124901
-2062364.512,-449966.9181,train,6.751741371105897E-4,87.49980876587722,0.7534620824772271
-2058654.867,-448825.839,train,6.751741371105897E-4,87.49980876587722,0.7534620824772271
-2061645.847,-449567.634,train,6.751741371105897E-4,87.49980876587722,0.7534620824772271
-2057561.979,875245.6793,train,6.430379812417829E-4,86.03438940519185,0.7442917678029005
-1885574.336,1402256.355,train,5.407293196345943E-4,77.93952709577916,0.7099437910915433
-1886163.826,-643546.8064,train,3.8721488526348116E-4,53.685355816555834,0.636723686448113
-2169927.549,-110139.2854,train,8.075288605748877E-4,94.05249459893378,0.7851898711453226
-2069639.388,845770.9993,train,5.081352229503379E-4,74.30803981885937,0.6969761866243736
-1855181.164,1280097.115,train,1.9567412859653084E-4,13.542177555732309,0.46969790986175325
-2059717.076,869099.902,train,6.430379812417829E-4,86.03438940519185,0.7442917678029005
-2105615.935,749393.5321,train,8.285639261351153E-4,95.03451464026976,0.7894953571789769
-2169452.75,-110171.3905,train,8.075288605748877E-4,94.05249459893378,0.7851898711453226
-2122280.063,-274749.3126,train,6.228996441695348E-4,85.02482672110865,0.7381891260472163
-2164506.368,-98617.8608,train,7.78755829665212E-4,93.01676811454958,0.7790071381124901
-2089404.42,786727.8933,train,5.008819639644237E-4,73.39717874577016,0.6939311610796359
-2077574.344,1630471.234,train,4.3655454650606563E-4,64.5399168016176,0.6639854071632072
-2077613.658,1633131.967,train,4.3655454650606563E-4,64.5399168016176,0.6639854071632072
-2164084.83,-99244.3729,train,7.78755829665212E-4,93.01676811454958,0.7790071381124901
-1891443.582,1417713.725,train,3.6368981434695694E-4,48.93130762210518,0.6221052556811081
-2164564.053,-97821.51411,train,7.78755829665212E-4,93.01676811454958,0.7790071381124901
-1908071.683,1382013.475,train,3.120422228215798E-4,38.80608243106899,0.5854848441638814
-1889625.52,1269863.982,train,3.5172403391625607E-4,46.48801567966283,0.6142089136671035
-1888206.039,1268213.157,train,3.5172403391625607E-4,46.48801567966283,0.6142089136671035
-1840572.356,1260971.917,train,3.1916268300726674E-4,40.516133130200444,0.5909498038446233
-1888511.423,1406663.034,train,5.407293196345943E-4,77.93952709577916,0.7099437910915433
-1852897.595,1270610.409,train,2.3696033459369385E-4,21.543680178462743,0.5175140850462542
-1911804.106,1385144.897,train,3.120422228215798E-4,38.80608243106899,0.5854848441638814
-1911933.585,1386435.26,train,3.120422228215798E-4,38.80608243106899,0.5854848441638814
-2035850.969,-451260.3802,train,1.8955109201063574E-5,0.24311356127362577,0.07902022536439532
-1854977.497,1221768.886,train,3.071891862221512E-4,38.13373878342673,0.5816756863291759
-1895869.619,1373338.312,train,2.662087973737272E-4,29.263125050380612,0.5464836839228046
-2061958.541,-438739.3246,train,3.232053052219757E-4,41.39905574713196,0.5939888660323185
-2163320.106,-100464.3325,train,7.78755829665212E-4,93.01676811454958,0.7790071381124901
-2166090.105,-97564.01578,train,7.78755829665212E-4,93.01676811454958,0.7790071381124901
-1913724.814,1243686.3,train,1.9203599568386455E-4,12.88597877484892,0.46502597828569964
-1913401.563,1243444.144,train,1.9203599568386455E-4,12.88597877484892,0.46502597828569964
-1849028.069,1325444.775,train,1.7322791578878443E-4,10.05991049039526,0.4394980135899947
-2068964.133,-435645.722,train,6.983511461427869E-4,89.34819708833929,0.7596778783392426
-2069555.337,-435126.3004,train,6.983511461427869E-4,89.34819708833929,0.7596778783392426
-2058446.997,872880.144,train,6.430379812417829E-4,86.03438940519185,0.7442917678029005
-2067939.227,-437228.3692,train,6.983511461427869E-4,89.34819708833929,0.7596778783392426
-2062942.958,-437772.9278,train,3.232053052219757E-4,41.39905574713196,0.5939888660323185
-2058953.235,871654.4159,train,6.430379812417829E-4,86.03438940519185,0.7442917678029005
-1880918.447,1339639.641,train,1.9297921021097737E-4,13.386360423564646,0.46624509961571675
-1886331.552,-645447.0654,train,3.8721488526348116E-4,53.685355816555834,0.636723686448113
-1856726.302,1280796.046,train,1.9567412859653084E-4,13.542177555732309,0.46969790986175325
-1940117.673,1415056.007,train,3.782798618613247E-4,52.41105663960827,0.6313066727465333
-1934850.206,1413956.801,train,3.9636746463381835E-4,54.85256689285906,0.6421100048661359
-1928279.143,1415530.088,train,3.9636746463381835E-4,54.85256689285906,0.6421100048661359
-1854799.583,1261374.427,train,1.9159662200909385E-4,12.805441228869876,0.4644561767430417
-1853877.342,1258670.604,train,1.9159662200909385E-4,12.805441228869876,0.4644561767430417
-2087461.938,-446121.9915,train,7.500639263754029E-4,92.02683653403473,0.7724769624829481
-2017892.618,-521182.5204,train,1.815285061580843E-4,11.11580727851825,0.451058447226785
-2016774.841,-518842.004,train,1.815285061580843E-4,11.11580727851825,0.451058447226785
-2016748.557,-518368.2221,train,1.815285061580843E-4,11.11580727851825,0.451058447226785
-1912456.802,1384917.11,train,3.120422228215798E-4,38.80608243106899,0.5854848441638814
-1889030.818,1407333.112,train,5.407293196345943E-4,77.93952709577916,0.7099437910915433
-1908959.929,1382450.01,train,3.120422228215798E-4,38.80608243106899,0.5854848441638814
-1872501.792,1294911.829,train,1.749947715434504E-4,10.314703735763157,0.44199936566321985
-1898343.3,1371947.543,train,2.662087973737272E-4,29.263125050380612,0.5464836839228046
-1893637.065,1360742.757,train,2.3928377307809562E-4,22.52536389332149,0.5199500114459781
-1855576.481,1262253.723,train,2.3696033459369385E-4,21.543680178462743,0.5175140850462542
-2169533.384,-110270.6424,train,8.075288605748877E-4,94.05249459893378,0.7851898711453226
-2083658.084,-446225.7187,train,7.500639263754029E-4,92.02683653403473,0.7724769624829481
-2168995.816,-106131.0865,train,7.78755829665212E-4,93.01676811454958,0.7790071381124901
-2163336.573,-100523.1009,train,7.78755829665212E-4,93.01676811454958,0.7790071381124901
-2163199.219,-101631.7629,train,7.78755829665212E-4,93.01676811454958,0.7790071381124901
-1955178.305,-503053.0707,train,5.311669200676005E-4,76.75637664404182,0.7062558828129432
-1953881.281,-503577.4649,train,5.311669200676005E-4,76.75637664404182,0.7062558828129432
-2227155.887,243021.2325,train,4.07641129027191E-4,56.780500237733364,0.6485289853514801
-2164516.596,-98278.54667,train,7.78755829665212E-4,93.01676811454958,0.7790071381124901
-2163440.906,-100174.5106,train,7.78755829665212E-4,93.01676811454958,0.7790071381124901
-2163216.264,-100657.98,train,7.78755829665212E-4,93.01676811454958,0.7790071381124901
-2164157.481,-99534.84062,train,7.78755829665212E-4,93.01676811454958,0.7790071381124901
-2164687.105,-97884.52346,train,7.78755829665212E-4,93.01676811454958,0.7790071381124901
-2170045.682,-105580.284,train,7.78755829665212E-4,93.01676811454958,0.7790071381124901
-2168785.259,-108764.4764,train,8.075288605748877E-4,94.05249459893378,0.7851898711453226
-2168961.224,-110394.6375,train,8.075288605748877E-4,94.05249459893378,0.7851898711453226
-2170582.658,-111658.0834,train,8.075288605748877E-4,94.05249459893378,0.7851898711453226
-2067263.639,-437066.7559,train,6.983511461427869E-4,89.34819708833929,0.7596778783392426
-2058684.7,-441593.9936,train,6.751741371105897E-4,87.49980876587722,0.7534620824772271
-1949509.534,-507342.9385,train,1.880152386359614E-4,12.216563197895631,0.4597659955057346
-2209679.744,144198.5538,train,6.15105017915713E-4,83.93569895904864,0.7357481535438753
-2096693.78,-447961.0578,train,8.735211316593811E-4,96.8937524171542,0.7981424069351108
-2122081.701,-274974.7429,train,6.228996441695348E-4,85.02482672110865,0.7381891260472163
-2227209.396,247144.7366,train,3.6248947158578384E-4,48.64559248186851,0.6213277537331189
-2168830.255,-99564.35052,train,7.78755829665212E-4,93.01676811454958,0.7790071381124901
-2077180.87,-385537.7521,train,9.093636744595654E-4,98.51251247974339,0.8045435251116154
-2062698.161,-438337.9989,train,3.232053052219757E-4,41.39905574713196,0.5939888660323185
-1956978.065,-501530.393,train,5.311669200676005E-4,76.75637664404182,0.7062558828129432
-2061907.544,-396482.8552,train,8.377224926225752E-4,95.28443488131127,0.7913164799117207
-1993974.674,-456895.8343,train,7.356768499861242E-4,91.04759140021805,0.7690550549668861
-1987968.056,-459516.9992,train,0.001032931564476194,99.57955417598403,0.8238058641686506
-2168473.023,-110347.5644,train,8.075288605748877E-4,94.05249459893378,0.7851898711453226
-2233548.156,203757.2636,train,6.977986662761251E-4,89.06881616967942,0.7595333586818125
-2046813.758,-449053.0856,train,6.866662695024174E-4,88.17496583012027,0.7565838149050976
-2120713.645,-255500.8127,train,7.704512504349062E-4,92.78177018077402,0.7771559145423087
-2233964.002,204812.7098,train,6.977986662761251E-4,89.06881616967942,0.7595333586818125
-2030558.868,-451494.7155,train,4.6168050123086314E-5,1.044618190456295,0.17285602566338676
-2123878.875,-279300.7608,train,5.016212285818387E-4,73.54770497776735,0.6942443132745586
-2239171.933,1944719.919,train,4.995312192868243E-4,72.86090958545648,0.6933573263167553
-2242892.342,1943360.076,train,4.995312192868243E-4,72.86090958545648,0.6933573263167553
-2237485.92,1947503.42,train,6.686465708561786E-4,87.35056386042642,0.7516530107287394
-2238851.74,1912616.718,train,8.006590964560906E-4,93.53003211724898,0.7837453499587811
-2236215.435,1920026.911,train,7.415813502577108E-4,91.35629491648689,0.7704717929973373
-2239726.221,1909590.201,train,8.006590964560906E-4,93.53003211724898,0.7837453499587811
-2232637.367,1852301.771,train,6.777848384067605E-4,87.60007147164954,0.7541782639300976
-2231757.941,1842810.611,train,5.828228292216627E-4,81.55552738473054,0.7251345455549435
-2245234.97,1849575.163,train,8.189693526509396E-4,94.62137328647916,0.787553132065247
-2236205.568,1849214.564,train,5.828228292216627E-4,81.55552738473054,0.7251345455549435
-2242937.553,1846127.827,train,8.189693526509396E-4,94.62137328647916,0.787553132065247
-1889021.651,1406476.276,train,5.407293196345943E-4,77.93952709577916,0.7099437910915433
-2069952.857,1456827.112,train,4.530577601359458E-4,67.17348236224854,0.6722131381417421
-1868472.51,-711997.9555,train,3.721821518962063E-4,50.993419436684604,0.627516130055565
-1869407.022,-728578.8969,train,4.544919445441065E-4,67.39885671940495,0.6729091662738214
-1861240.016,-779404.9488,train,8.410626025341357E-4,95.5360185970813,0.7919728229272389
-1869923.39,-729067.5708,train,3.247872354147591E-4,41.61805966135973,0.5951658330626972
-1861390.923,-778282.4706,train,8.410626025341357E-4,95.5360185970813,0.7919728229272389
-1868927.154,-712831.4489,train,3.721821518962063E-4,50.993419436684604,0.627516130055565
-2095241.784,1537211.133,train,4.942283183218824E-4,72.18427199213998,0.6910835432145935
-2093039.603,1529461.896,train,4.942283183218824E-4,72.18427199213998,0.6910835432145935
-1994087.177,1351728.222,train,5.144220544540998E-4,74.765734748354,0.6995668933287974
-1895573.872,1240595.686,train,1.8103150685732817E-4,11.020681694437009,0.45037970240801456
-1869633.043,1227107.781,train,3.266556743142043E-4,42.2914483405385,0.5965472051230634
-1946463.281,1264940.869,train,7.479367368415783E-5,2.019227046160746,0.2529246477435382
-1903726.062,1240281.972,train,1.8103150685732817E-4,11.020681694437009,0.45037970240801456
-1945951.732,1264791.6,train,7.479367368415783E-5,2.019227046160746,0.2529246477435382
-1946256.375,1265185.496,train,7.479367368415783E-5,2.019227046160746,0.2529246477435382
-1946161.556,1264728.959,train,7.479367368415783E-5,2.019227046160746,0.2529246477435382
-1894380.929,1248647.406,train,2.046270308443783E-4,16.175411730555094,0.4808546679202785
-1834367.791,1291556.987,train,2.453256740237163E-4,23.395572283537778,0.5261707763316252
-1834279.737,1291611.118,train,2.453256740237163E-4,23.395572283537778,0.5261707763316252
-1832192.576,1288297.293,train,2.453256740237163E-4,23.395572283537778,0.5261707763316252
-1832453.188,1288397.22,train,2.453256740237163E-4,23.395572283537778,0.5261707763316252
-1840628.255,1310648.785,train,2.586871175551272E-4,27.37427457721775,0.5393712094931832
-1855249.368,1290541.285,train,1.2562702971699436E-4,5.177284590423081,0.3625091258331004
-1857128.716,1278033.432,train,1.9567412859653084E-4,13.542177555732309,0.46969790986175325
-1857763.606,1277998.558,train,1.9567412859653084E-4,13.542177555732309,0.46969790986175325
-1849031.483,1198739.031,train,2.543778826019319E-4,26.24391202561435,0.5351949840079085
-1849421.441,1199065.963,train,2.543778826019319E-4,26.24391202561435,0.5351949840079085
-1869519.194,1227096.581,train,3.266556743142043E-4,42.2914483405385,0.5965472051230634
-1869525.147,1227076.226,train,3.266556743142043E-4,42.2914483405385,0.5965472051230634
-1897677.347,1241230.935,train,1.8103150685732817E-4,11.020681694437009,0.45037970240801456
-1895852.556,1240816.155,train,1.8103150685732817E-4,11.020681694437009,0.45037970240801456
-1916411.561,1247919.494,train,1.9203599568386455E-4,12.88597877484892,0.46502597828569964
-1946495.96,1264929.935,train,7.479367368415783E-5,2.019227046160746,0.2529246477435382
-1834432.184,1292383.231,train,2.453256740237163E-4,23.395572283537778,0.5261707763316252
-1842556.293,1308101.549,train,8.883517459582713E-5,2.803472023952997,0.28679012264872833
-1838454.13,1291816.292,train,2.453256740237163E-4,23.395572283537778,0.5261707763316252
-1857749.775,1278070.57,train,1.9567412859653084E-4,13.542177555732309,0.46969790986175325
-1855338.319,1290485.173,train,1.2562702971699436E-4,5.177284590423081,0.3625091258331004
-1857252.369,1278032.84,train,1.9567412859653084E-4,13.542177555732309,0.46969790986175325
-1843126.649,1257249.061,train,2.379708586442395E-4,22.138098971548487,0.5185765641619164
-1840012.886,1258105.772,train,3.1916268300726674E-4,40.516133130200444,0.5909498038446233
-1849428.848,1198963.849,train,2.543778826019319E-4,26.24391202561435,0.5351949840079085
-1849085.671,1198754.635,train,2.543778826019319E-4,26.24391202561435,0.5351949840079085
-1842929.43,1309273.34,train,8.883517459582713E-5,2.803472023952997,0.28679012264872833
-1840550.053,1310000.837,train,2.586871175551272E-4,27.37427457721775,0.5393712094931832
-1834487.811,1292241.274,train,2.453256740237163E-4,23.395572283537778,0.5261707763316252
-1834405.158,1292376.621,train,2.453256740237163E-4,23.395572283537778,0.5261707763316252
-1832236.44,1288270.775,train,2.453256740237163E-4,23.395572283537778,0.5261707763316252
-1838448.229,1291687.106,train,2.453256740237163E-4,23.395572283537778,0.5261707763316252
-1832470.875,1288461.156,train,2.453256740237163E-4,23.395572283537778,0.5261707763316252
-1858016.301,1278127.795,train,1.9567412859653084E-4,13.542177555732309,0.46969790986175325
-1857158.122,1278032.229,train,1.9567412859653084E-4,13.542177555732309,0.46969790986175325
-1855314.978,1290490.598,train,1.2562702971699436E-4,5.177284590423081,0.3625091258331004
-1916997.763,1248431.69,train,2.667955276306355E-4,30.052245335103077,0.5470292701781881
-1946159.186,1264688.81,train,7.479367368415783E-5,2.019227046160746,0.2529246477435382
-1869552.077,1226884.011,train,3.266556743142043E-4,42.2914483405385,0.5965472051230634
-1869452.633,1226923.673,train,3.266556743142043E-4,42.2914483405385,0.5965472051230634
-1849343.762,1199564.824,train,2.543778826019319E-4,26.24391202561435,0.5351949840079085
-1849456.113,1199021.987,train,2.543778826019319E-4,26.24391202561435,0.5351949840079085
-1838623.217,1292604.514,train,2.453256740237163E-4,23.395572283537778,0.5261707763316252
-1834427.42,1292499.493,train,2.453256740237163E-4,23.395572283537778,0.5261707763316252
-1857987.156,1278103.307,train,1.9567412859653084E-4,13.542177555732309,0.46969790986175325
-1855596.283,1290520.316,train,1.2562702971699436E-4,5.177284590423081,0.3625091258331004
-1858048.095,1278143.244,train,1.9567412859653084E-4,13.542177555732309,0.46969790986175325
-1855365.303,1290467.323,train,1.2562702971699436E-4,5.177284590423081,0.3625091258331004
-1945897.336,1264274.767,train,7.479367368415783E-5,2.019227046160746,0.2529246477435382
-1869447.673,1226940.636,train,3.266556743142043E-4,42.2914483405385,0.5965472051230634
-1856090.441,1242061.412,train,2.4851028931641313E-4,24.139340089407415,0.5293852232505334
-1849284.73,1198903.944,train,2.543778826019319E-4,26.24391202561435,0.5351949840079085
-1854651.074,1208837.821,train,2.747866229899729E-4,31.86082762629881,0.5543314135615681
-1854726.28,1208603.191,train,2.747866229899729E-4,31.86082762629881,0.5543314135615681
-1840771.108,1260134.545,train,3.1916268300726674E-4,40.516133130200444,0.5909498038446233
-1854456.014,1259033.092,train,1.9159662200909385E-4,12.805441228869876,0.4644561767430417
-1890175.353,1233728.964,train,4.2569956339687763E-4,61.065678737032606,0.6583446500880002
-1922316.563,1247981.804,train,2.667955276306355E-4,30.052245335103077,0.5470292701781881
-1918606.105,1246936.176,train,2.667955276306355E-4,30.052245335103077,0.5470292701781881
-1905983.226,1242098.286,train,1.9203599568386455E-4,12.88597877484892,0.46502597828569964
-1904828.512,1240934.43,train,1.8103150685732817E-4,11.020681694437009,0.45037970240801456
-1888545.834,1233144.908,train,4.2569956339687763E-4,61.065678737032606,0.6583446500880002
-1888614.08,1233558.25,train,4.2569956339687763E-4,61.065678737032606,0.6583446500880002
-1888642.473,1234230.108,train,4.2569956339687763E-4,61.065678737032606,0.6583446500880002
-1888369.101,1233742.588,train,4.2569956339687763E-4,61.065678737032606,0.6583446500880002
-1888286.484,1233526.496,train,4.2569956339687763E-4,61.065678737032606,0.6583446500880002
-1876057.601,1232335.068,train,2.9232308267392276E-4,34.82899842367508,0.5695589452410873
-1875198.583,1232269.468,train,2.9232308267392276E-4,34.82899842367508,0.5695589452410873
-1874961.138,1232380.262,train,2.9232308267392276E-4,34.82899842367508,0.5695589452410873
-1874781.151,1232469.862,train,2.9232308267392276E-4,34.82899842367508,0.5695589452410873
-1850346.37,1290997.252,train,2.217547823965287E-4,18.881871855916735,0.5009411085707784
-1844122.857,1262342.754,train,2.753704571841931E-4,32.54872934251566,0.5548556947229125
-1887912.801,1233947.998,train,4.2569956339687763E-4,61.065678737032606,0.6583446500880002
-1887996.029,1234137.236,train,4.2569956339687763E-4,61.065678737032606,0.6583446500880002
-1888344.834,1234493.468,train,4.2569956339687763E-4,61.065678737032606,0.6583446500880002
-1887961.503,1234501.749,train,4.2569956339687763E-4,61.065678737032606,0.6583446500880002
-1887881.118,1234525.897,train,4.2569956339687763E-4,61.065678737032606,0.6583446500880002
-3185437.145,2970873.351,test,2.8846035282650135E-4,33.869613605560104,0.5662948374326012
-3653829.529,3097108.398,test,3.397884227081481E-4,44.12137351756308,0.6059967318279988
-4239326.113,3230418.943,test,3.3981670222175595E-4,44.12703698270715,0.6060166024545427
-2036383.456,1593716.533,test,1.61346497002921E-4,8.521367254834178,0.4220768387221177
-1849313.884,1256741.5,test,2.379708586442395E-4,22.138098971548487,0.5185765641619164
-2165049.899,-97456.05169,test,7.78755829665212E-4,93.01676811454958,0.7790071381124901
-2971521.193,3016286.133,test,3.535166891841137E-4,47.06121508205733,0.6154128558016978
-1947886.145,1494270.916,test,8.615912331141661E-4,96.30248725719572,0.7959178229853422
-2088130.856,1525952.911,test,4.801718344030426E-4,70.25121739603118,0.6848899616124214
-1957057.354,-499903.715,test,5.311669200676005E-4,76.75637664404182,0.7062558828129432
-1857111.733,1295262.128,test,1.6503912370319844E-4,9.220747494804936,0.4276060403592094
-1843314.588,1257253.239,test,2.379708586442395E-4,22.138098971548487,0.5185765641619164
-2168886.174,-108936.0478,test,8.075288605748877E-4,94.05249459893378,0.7851898711453226
-2170054.41,-110591.2086,test,8.075288605748877E-4,94.05249459893378,0.7851898711453226
-1838473.833,1291748.475,test,2.453256740237163E-4,23.395572283537778,0.5261707763316252
-2232260.569,195696.7795,test,7.515222388902661E-4,92.477139933694,0.7728181644014643
-1861829.387,1284931.133,test,1.2562702971699436E-4,5.177284590423081,0.3625091258331004
-2166775.663,-97972.58531,test,7.78755829665212E-4,93.01676811454958,0.7790071381124901
-1868550.797,1296054.698,test,1.749947715434504E-4,10.314703735763157,0.44199936566321985
-2156205.651,-169489.5638,test,2.983416211806615E-4,36.68130739976177,0.5745479876189137
-2057619.552,-448640.7211,test,6.751741371105897E-4,87.49980876587722,0.7534620824772271
-3114440.704,3018944.287,test,3.703739977393872E-4,50.70431824173986,0.626377091822841
-1859583.514,1289240.502,test,1.2562702971699436E-4,5.177284590423081,0.3625091258331004
-2169596.983,-110559.9357,test,8.075288605748877E-4,94.05249459893378,0.7851898711453226
-2018647.549,991734.6067,test,3.710735824370453E-4,50.836859651331814,0.6268186171773197
-1869668.323,1227287.502,test,3.266556743142043E-4,42.2914483405385,0.5965472051230634
-2142959.962,-209064.893,test,6.61866793693668E-4,87.01727952940547,0.7497457163910806
-2200532.351,107767.2023,test,5.233038844739724E-4,75.52025181960357,0.7031523603025228
-2077583.185,1729283.59,test,3.008207675988104E-4,37.17817481692607,0.5765695943735013
-1853887.925,1281564.854,test,1.9567412859653084E-4,13.542177555732309,0.46969790986175325
-2171267.286,-119492.3758,test,5.790477521791473E-4,80.91681768280549,0.7238374479802079
-2169493.52,-110159.948,test,8.075288605748877E-4,94.05249459893378,0.7851898711453226
-2449983.538,2923692.419,test,4.331978437955862E-4,63.145501243916584,0.6622611025915666
-1904509.95,1240724.965,test,1.8103150685732817E-4,11.020681694437009,0.45037970240801456
-2230248.134,1855493.849,test,6.777848384067605E-4,87.60007147164954,0.7541782639300976
-2101182.286,1541400.421,test,4.669830504240094E-4,68.81882459798723,0.6788485452499199
-2165080.917,658323.9883,test,4.280306960528973E-4,61.99780498852638,0.6595719267086521
-1866991.6,1281949.915,test,1.2636780142213943E-4,5.3393740324606025,0.3638689002505598
-1858170.472,1284462.988,test,1.2562702971699436E-4,5.177284590423081,0.3625091258331004
-2566660.892,2959432.086,test,1.076474987548854E-4,3.748425298457306,0.32762517593714335
-2167779.871,-99327.86403,test,7.78755829665212E-4,93.01676811454958,0.7790071381124901
-1839180.362,1272124.723,test,1.992137250439369E-4,14.368956764068324,0.4741656501806982
-1869648.948,1226803.087,test,3.266556743142043E-4,42.2914483405385,0.5965472051230634
-3620557.397,3021077.04,test,4.6814384964758294E-4,68.91511997343123,0.6793895568128714
-2302163.572,2387899.935,test,1.961589361682297E-5,0.25805622634770164,0.0815502640316745
-2169941.22,-101203.9835,test,7.78755829665212E-4,93.01676811454958,0.7790071381124901
-1881203.103,1235792.84,test,2.9232308267392276E-4,34.82899842367508,0.5695589452410873
-1856286.758,1242038.806,test,2.4851028931641313E-4,24.139340089407415,0.5293852232505334
-3175665.407,3123560.552,test,4.194505182596569E-4,59.30987320557532,0.6550106201635455
-1868656.242,1275138.417,test,1.2636780142213943E-4,5.3393740324606025,0.3638689002505598
-2898675.239,3129557.427,test,5.677823463573442E-4,79.59835329966015,0.7198928964708077
-1862929.727,1266275.9,test,2.3696033459369385E-4,21.543680178462743,0.5175140850462542
-2032525.744,946772.3733,test,5.256970228109533E-4,75.86110482784977,0.704103846743168
-1832224.199,1288288.064,test,2.453256740237163E-4,23.395572283537778,0.5261707763316252
-2212132.822,148571.0465,test,6.15105017915713E-4,83.93569895904864,0.7357481535438753
-2170568.839,-111765.5625,test,8.075288605748877E-4,94.05249459893378,0.7851898711453226
-1901390.785,1257954.675,test,2.0089030474011333E-4,14.813667876626582,0.47625568900736737
-1994147.675,1366748.059,test,5.072350489647862E-4,74.00221743232167,0.6966015774442442
-2047379.316,-449889.6305,test,6.866662695024174E-4,88.17496583012027,0.7565838149050976
-2172553.212,-54616.00971,test,6.447307942605247E-4,86.10291176099604,0.7447918140600871
-3060258.266,3056054.781,test,3.5532674708816514E-4,47.853383650380614,0.6166208853616286
-1887797.968,1268163.118,test,3.5172403391625607E-4,46.48801567966283,0.6142089136671035
-2071927.918,-433714.8819,test,6.983511461427869E-4,89.34819708833929,0.7596778783392426
-2076893.352,1629904.028,test,2.687317576802441E-4,30.50373320056455,0.5488204466906433
-2290118.754,2514027.948,test,4.336193368808612E-4,63.23633755609828,0.6624785903123867
-2113284.261,-424871.0194,test,0.0010159705605649577,99.37466139406801,0.8213897849046425
-1849438.058,1198906.407,test,2.543778826019319E-4,26.24391202561435,0.5351949840079085
-3110674.569,3111683.8,test,8.252674236523446E-5,2.455370400297898,0.2719630960899144
-1955263.61,-503068.524,test,5.311669200676005E-4,76.75637664404182,0.7062558828129432
-2073038.872,-433174.6759,test,6.983511461427869E-4,89.34819708833929,0.7596778783392426
-2022580.213,972381.4884,test,4.579321885913964E-4,67.81000202258817,0.6745667726145652
-1851470.874,1257959.957,test,2.379708586442395E-4,22.138098971548487,0.5185765641619164
-2866687.315,3139445.299,test,3.552796471060865E-4,47.84625743247206,0.616589547091399
-2169007.615,-108177.9655,test,8.075288605748877E-4,94.05249459893378,0.7851898711453226
-1854910.048,1224347.555,test,3.071891862221512E-4,38.13373878342673,0.5816756863291759
-2169071.581,-110349.047,test,8.075288605748877E-4,94.05249459893378,0.7851898711453226
-2168855.875,-106227.6617,test,7.78755829665212E-4,93.01676811454958,0.7790071381124901
-2103805.287,-442477.6345,test,3.726038151897193E-4,51.43121844417074,0.6277807569434197
-1832359.395,1288196.076,test,2.453256740237163E-4,23.395572283537778,0.5261707763316252
-2168496.567,-108550.5242,test,8.075288605748877E-4,94.05249459893378,0.7851898711453226
-3618382.652,3062135.245,test,5.74881728960591E-4,80.33517030268935,0.7223917394662941
-1913545.411,1244235.188,test,1.9203599568386455E-4,12.88597877484892,0.46502597828569964
-1814410.88,-1232277.95,test,3.6802506475444E-4,49.43060507342385,0.6248869480269766
-1882099.113,1356281.233,test,1.0492501983792167E-4,3.4814623629172807,0.32200742100772345
-1978177.726,-528717.1234,test,1.9883072571227764E-4,14.285739797403371,0.4736858572006491
-1857629.515,1212571.129,test,2.747866229899729E-4,31.86082762629881,0.5543314135615681
-1909560.63,-537125.8914,test,8.642573021929284E-5,2.672005636412576,0.2811989249042925
-1867490.328,1316115.052,test,2.705939454451345E-4,31.2196574367254,0.550529814998665
-2157034.458,-168936.4848,test,2.983416211806615E-4,36.68130739976177,0.5745479876189137
-2071983.711,-433790.9195,test,6.983511461427869E-4,89.34819708833929,0.7596778783392426
-1839694.475,1281757.704,test,1.722029205417348E-4,9.787974756916052,0.43803661424510043
-2096958.782,-448666.0971,test,8.735211316593811E-4,96.8937524171542,0.7981424069351108
-2060769.153,-449330.3005,test,6.751741371105897E-4,87.49980876587722,0.7534620824772271
